AATSC2e,RotBtFrac,MLFER_A,AATSC2s,MATS2e,ATSC2s,HybRatio,nHBDon,nHsOH,nHBint2,SsOH,RDF20m,nBondsD,minHBint7,MATS6m,MATS6c,nAtomP,MATS6e,GATS2v,AATSC2m,nAtomLAC,AATSC6e,AATSC6s,maxdO,ATSC2m,minwHBa,MATS5i,MATS3c,ASP-3,MATS5p,AATSC3e,nHBDon_Lipinski,minHCsatu,ATSC8c,RDF20v,minHBa,AATSC3s,ATSC1m,VE3_DzZ,ATSC1s,RotBFrac,MATS1s,AATS0m,AATS6i,RDF20i,nT6Ring,AATS3s,VR2_Dzp,minssCH2,VR2_Dzi,PetitjeanNumber,nHBa,BCUTc-1l,SM1_Dzi,y
-0.038911484,1,0.489,-0.745301628,-0.28581924,-10.64377929,1,1.666666667,1.666666667,0,12.96208333,0.490496653,0,0,0.162997054,0.159537097,0,0.070879834,1.227803165,-10.40512799,2,0.004477971,0.068216175,0,-147.3743369,0,0.207800518,0.193347928,0.416666667,0.287751119,0.017789473,1.666666667,0,0,1.079657206,7.87875,0.341139456,-57.85398936,-10.23632214,-8.197898715,0.333333333,-0.256225657,72.62324109,61.63921733,7.208041277,0,3.863888889,3.573344067,0.010416667,2.659661601,0.388888889,1.666666667,-0.394418459,0.363640172,1
-0.037244268,1,0.659666667,-0.73045154,-0.268185129,-15.48526077,1,2.333333333,2.333333333,0,18.80621913,0.61029748,0,0,0.64321635,0.81191176,0,0.323947128,1.215911331,-7.643424038,2.666666667,0.049742951,0.975623583,0,-161.6962841,0,0.224323915,0.18121352,0.315641142,0.275526554,0.017571758,2.333333333,0,0,1.360532561,8.078595679,0.341523544,-71.85582898,-15.41182108,-12.37641724,0.377777778,-0.268122098,76.41562198,184.917652,8.840192202,0,4.32973251,333335.0588,-0.149305555,333335.1845,0.5,2.333333333,-0.394163976,0.479062962,1
-0.024329955,1,0.548333333,-0.403440541,-0.225207154,-8.223700396,1,1.666666667,1.666666667,0,13.33708333,0.501022047,0,0,0.56399269,1.067654411,0,0.260098233,1.243067709,-8.797575852,2.666666667,0.030858232,0.589912428,0,-177.20992,0,0.244112656,0.016405516,0.319035594,0.265397246,-0.006115089,1.666666667,0,0,1.119375588,8.06625,-0.23596771,-58.79286582,-12.91649124,-6.764210352,0.444444444,-0.202648117,67.71698779,184.917652,7.364461042,0,2.458333333,266668.5063,0.15625,266668.6097,0.5,1.666666667,-0.395910451,0.363640172,1
-0.031193952,1,0.9435,-0.545354058,-0.258889392,-22.83653678,1,3.5,3.5,0,30.28158211,0.83582196,0,2.870948096,0.227380014,0.240059799,0,0.102054528,1.095662662,-4.274463183,4,0.005919362,0.091500792,0,-178.9722759,0,0.058411853,0.14214314,0.247261957,0.082436453,0.013113583,3.5,0,-0.013648059,1.916562587,8.364784108,0.190791085,-95.91598475,-22.45856425,-19.64984939,0.393939394,-0.252881053,74.73298399,181.0021181,12.2182229,0,3.968143739,4.426818657,-0.222284108,4.55833935,0.464285715,3.5,-0.39423798,0.718594443,1
-0.031759857,1,0.7515,-0.550013039,-0.264778079,-17.35165841,1,2.75,2.75,0,23.24140448,0.703567114,0,1.435474048,0.416020033,0.484323221,0,0.199087375,1.097357185,-5.031274495,3.25,0.023292527,0.437190305,0,-151.1493234,0,0.130057294,0.150625024,0.273246407,0.167798562,0.01330956,2.75,0,-0.00682403,1.596357955,8.260146684,0.200560834,-77.81058264,-17.17365577,-14.97529318,0.38030303,-0.248852185,73.09204995,182.959885,10.41018386,0,3.873346561,125003.2935,-0.131975387,125003.4955,0.482142857,2.75,-0.394241194,0.588743804,1
-0.035454935,1,0.426863451,-0.354837777,-0.277584823,-12.74617828,1,1.565663821,1.565663821,0,12.77919303,0.742491146,0,0,0.084014327,0.233391652,0,0.116314582,1.168678952,-8.994706862,1.481943533,0.014010113,0.127796884,0,-296.800878,0,-0.020913891,0.146982081,0.201979058,0.002946821,0.005958209,1.565663821,0,-0.040994128,1.547208427,6.187202922,-0.073384162,-37.0779689,-20.12329184,-6.268647098,0.498396731,-0.181230109,70.63004835,131.2901506,10.26863712,0,2.815336013,4.729554316,0.137631744,3.979482825,0.468574232,2.696991462,-0.394812765,0.506429463,1
-0.02782254,1,0.402240147,-0.448323663,-0.244024254,-6.469093258,1,1.347912064,1.347912064,0,10.5612151,0.425106923,0,0,0.191340273,0.187278672,0,0.083204982,1.146097483,-7.822765206,1.478416077,0.005256636,0.080078145,0,-109.1729142,0,0.137533064,0.114661113,0.271780026,0.190607054,0.004561394,1.347912064,0,0,0.94569564,7.908385619,0.023099998,-51.90970395,-5.881552249,-6.306575793,0.246402679,-0.231387414,66.14643659,72.35753292,6.437894046,0,3.086802291,3.026013441,0.131760975,2.906447121,0.442014656,1.347912064,-0.394842636,0.321508914,1
-0.029334823,1,0.537933234,-0.522143831,-0.235386431,-10.69878892,1,1.854530413,1.854530413,0,14.86113072,0.50839343,0,0,0.466152722,0.573124743,0,0.2310629,1.188772307,-7.160101598,1.929583307,0.033361388,0.647839817,0,-133.6172768,0,0.158525982,0.120256448,0.229859027,0.197099904,0.00662882,1.854530413,0,0,1.137347911,7.985820349,0.088848556,-64.51624194,-10.26406877,-9.471788712,0.278870697,-0.248045691,70.43404811,138.9025678,7.45319153,0,3.589850101,213634.4806,-0.002468392,213634.8329,0.5,1.854530413,-0.39465357,0.394039567,1
-0.020521241,1,0.448369523,-0.290150292,-0.208529058,-5.579405541,1,1.381132462,1.381132462,0,10.99675791,0.431375655,0,0,0.400237221,0.686528429,0,0.182530871,1.18345939,-7.484799274,1.842749657,0.01977908,0.369813772,0,-134.0767653,0,0.160854029,0.017528651,0.222169708,0.181331728,-0.008455696,1.381132462,0,0,0.967782759,7.983429385,-0.282868837,-54.51201542,-7.855188065,-5.695045102,0.307124943,-0.205260341,64.18089865,135.13941,6.458160669,0,2.371647773,152455.0091,0.201375432,152455.3905,0.5,1.381132462,-0.395704882,0.317885649,1
-0.028596282,1,0.873650874,-0.518256241,-0.227273047,-20.33225963,1,3.168899385,3.168899385,0,27.19080795,0.742174053,0,2.490719024,0.147712591,0.159764933,0,0.066990038,1.181881719,-5.787399358,3.267563953,0.00377404,0.058643828,0,-181.7566571,0,0.037112838,0.108171222,0.18918014,0.052663382,0.006756569,3.168899385,0,-0.011840507,1.702412717,8.176676068,0.080912899,-95.79400655,-19.57700375,-17.65918181,0.307986787,-0.255136411,73.40573528,138.2910546,10.66292155,0,3.772741033,3.855529576,-0.162901483,4.078789056,0.469015723,3.168899385,-0.394622206,0.623527315,1
-0.027253938,1,0.697486685,-0.461500418,-0.231168323,-15.02552255,1,2.49797916,2.49797916,0,21.06977259,0.629151578,0,1.430921992,0.268993815,0.306465479,0,0.126916524,1.147171042,-5.773283841,2.637112508,0.013287065,0.244237763,0,-148.7091253,0,0.080840827,0.105596514,0.200327704,0.10613455,0.005285656,2.49797916,0,-0.00680239,1.432624771,8.119061273,0.039657412,-78.52318667,-14.43329256,-13.48097918,0.290990387,-0.244457778,70.49057505,138.0599599,9.206288632,0,3.510842232,62988.91839,-0.058664157,62989.24586,0.482199484,2.49797916,-0.394666488,0.518525816,1
-0.027769539,0.785714286,0.805142857,-0.5705276,-0.138643751,-9.957708571,0.942857143,2.714285714,2.428571429,0.285714286,19.54035714,0.582741836,0.285714286,0,0.759483714,0.786299867,0.857142857,0.372947063,1.403730585,-8.784018146,2.142857143,0.060581253,1.19466414,2.896878306,-191.2038447,-0.205687831,0.232886393,0.203324456,0.309748989,0.277265297,0.021496716,2.714285714,0.182142857,0,1.360271279,6.476686508,0.453859176,-75.55180057,-16.84792261,-12.83870215,0.321428571,-0.244931116,85.85284341,184.917652,8.004756609,0,4.721340388,357146.2675,-0.035548942,357145.5722,0.5,3,-0.375822921,0.534292672,1
0.061353492,0.777777778,0.691,1.867946461,0.37716718,16.5564059,0.333333333,1.666666667,0.333333333,2.666666667,2.795416667,0.241523015,0.666666667,0,0.162997054,0.159537097,2.666666667,0.070879834,1.130511228,8.817385035,0.666666667,0.004477971,0.068216175,6,77.28380158,-0.555555555,0.044613066,-0.493760027,0.083333333,0.062021006,-0.106346875,3,0,0,0.630953036,5.62875,-3.13978647,-55.86709973,-10.23632214,-11.76993576,0.111111111,-0.404335608,85.24323889,61.63921733,3.927588397,0,4.375,500001.1547,0.09375,500001.3923,0.5,2.333333333,-0.318711132,0.548550162,1
-0.032966631,0.988636364,0.6733125,-0.636699535,-0.232665646,-12.54538182,0.979166667,2.4375,2.25,0.1875,18.15459958,0.605615709,0.125,0.16422315,0.607105896,0.761980699,0.25,0.305095718,1.223803873,-7.05915412,2.8125,0.046779055,0.905123752,0.638571369,-147.2214738,-0.062517361,0.204809171,0.167116608,0.3119875,0.256857572,0.016111128,2.625,0.043428288,0.014756073,1.376745274,7.889264112,0.317848574,-74.14447604,-14.71421595,-12.69570376,0.382575758,-0.26774328,76.87168845,184.5543749,8.781378424,0,4.290027006,312502.1901,-0.116157407,312502.027,0.5,2.5,-0.390189665,0.527075697,1
0.059468769,0.780303031,0.7026875,1.799298592,0.372352144,17.49368068,0.354166667,1.8125,0.375,2.6875,3.144472268,0.259889649,0.75,0.16422315,0.156900305,0.150379453,2.75,0.067845131,1.143741276,8.372854386,0.9375,0.004343137,0.054429307,6.263571369,76.82235653,-0.583350694,0.03633025,-0.465671092,0.094198929,0.056696121,-0.100062591,3.25,0.043428288,0.014756073,0.692764469,5.592533787,-2.945879564,-59.15504237,-9.862185687,-12.12712737,0.132575758,-0.395443445,85.1475793,68.98084236,4.175812357,0,4.332465278,468751.655,0.111707176,468751.5968,0.5,2.5,-0.319452624,0.592219946,1
-0.031786332,1,0.574333333,-0.725244738,-0.212925446,-15.54639189,1,2,2,0,16.01080247,0.680022294,0,0,0.420814024,0.644309502,0,0.222503804,1.391176118,-8.511745033,3.333333333,0.044939313,0.903099465,0,-255.0765665,0,0.227961002,0.146265894,0.303018487,0.235548583,0.017041467,2,0,0.000492978,1.816261441,5.283179013,0.402062423,-67.69408342,-35.69211761,-11.44512348,0.516666667,-0.293918479,73.54422332,177.375412,12.57214376,0,4.107510288,411806.5322,0.207465278,411769.9978,0.5,2,-0.376997424,0.421351567,1
-0.013420418,1,0.403666667,-0.262067839,-0.130844633,-5.561513519,1,1.333333333,1.333333333,0,10.66975309,0.51611585,0,0,-0.059405273,-0.008065161,0,-0.03056349,1.315706545,-4.167697748,3.333333333,-0.000325667,-0.004307942,0,-160.6262204,0,0.245348924,0.117292213,0.342876205,0.269647717,0.001684978,1.333333333,0,0.000492978,1.475403303,5.262345679,0.087209053,-54.63112026,-21.85990108,-7.273854574,0.416666667,-0.266857296,64.84558913,54.0969773,10.3863993,0,3.412037037,78475.25715,0.357928241,78437.80289,0.388888889,1.333333333,-0.37661962,0.305928776,1
-0.031413561,1,0.8155,-0.547724842,-0.261146464,-19.19770291,1,3,3,0,25.47993056,0.780803307,0,0,0.26677773,0.233827751,0,0.09966388,1.095804447,-4.528332714,3.5,0.005483349,0.072279497,0,-158.7137161,0,0.052424233,0.145108041,0.253459917,0.074969918,0.01324951,3,0,0.022018109,1.771158167,8.316550926,0.195343117,-83.5075606,-18.47885711,-16.53489674,0.388888889,-0.251313847,74.03683016,183.6484108,11.45628527,0,3.93504902,150002.7855,-0.179699074,150003.0295,0.5,3,-0.394237981,0.63202735,1
-0.033453548,1,0.403666667,-0.740094826,-0.230559557,-10.70491041,1,1.333333333,1.333333333,0,10.16666667,0.221177024,0,0,-0.059405273,-0.008065161,0,-0.03056349,1.403067951,-11.27344898,2.666666667,-0.000325667,-0.004307942,0,-240.7546193,0,0.211437604,0.158400303,0.404044011,0.247773148,0.017259182,1.333333333,0,0.000492978,0.796734084,5.083333333,0.401678335,-53.69224379,-30.22365538,-7.26660496,0.472222222,-0.282022038,69.75184243,54.0969773,6.361285783,0,3.641666666,78475.04674,0.3671875,78437.47291,0.388888889,1.333333333,-0.393230722,0.305928776,1
-0.036474451,1,0.830333333,-0.725421819,-0.260121537,-20.3938113,1,3,3,0,24.90424383,0.743100691,0,0,0.342691127,0.110827844,0,0.075531461,1.212573987,-6.534128399,3.333333333,0.005328671,0.031064827,0,-183.6218085,0,0.163481629,0.169280298,0.271608802,0.181578614,0.017437299,3,0,0,1.666544992,8.205540123,0.330883749,-87.39289493,-18.83211333,-16.53371033,0.396825397,-0.27358339,78.52250026,184.9620895,10.67752153,0,4.467592593,4.131638548,-0.256959877,3.760397969,0.433333333,3,-0.394155534,0.594485753,1
-0.003328468,0.959839106,0.206865949,0.235539728,-0.094388436,1.57227606,0.919678212,0.422822083,0.422822083,0.160643575,3.231640563,0.470607394,0.160643575,0,-0.102862235,-0.013965098,0.481930726,-0.052921714,1.279453316,-10.03821932,2.62999882,-0.000563903,-0.007459348,1.511487468,-257.5693263,-0.108059799,0.083546768,-0.015367415,0.188020391,0.038168259,-0.017785743,0.422822083,0.081338205,0.000853608,1.588724464,2.085292195,-0.909607135,-29.8951054,-36.37845113,-2.989492223,0.473044332,-0.235407812,85.0811931,93.67074205,12.19819551,0,2.497526933,135879.1184,0.907613344,135815.9057,0.473226071,0.744109234,-0.354833219,0.252177418,0
-0.002406662,0.933444463,0.279107835,0.432612144,-0.079078743,3.653690154,0.866888925,0.521743881,0.521743881,0.26622215,4.000871318,0.414263928,0.26622215,0,-0.085232806,-0.011571638,0.79866645,-0.043851528,1.275756059,-13.67469374,2.445468777,-0.000467256,-0.006180899,2.504871062,-268.0262596,-0.179079131,0.069227793,-0.015304477,0.210138181,0.031626649,-0.025903506,0.521743881,0.134795505,0.000707309,1.380000823,2.101116995,-1.427652817,-32.95765273,-30.3851369,-3.55781563,0.425247627,-0.228515144,107.1206238,77.6166313,10.42807762,0,3.023912768,112591.6102,0.812982632,112538.9717,0.455629642,1.05418818,-0.353133715,0.279201901,0
-0.018001612,1,0.235458535,-0.273933132,-0.182805107,-7.277284523,1,1.721358952,1.236894737,0,9.92391162,0.619645214,0,0,-0.015121733,0.144271789,0,0.08973218,1.35487678,-9.030124643,1.959206336,0.012828076,0.325832401,0,-274.4231524,0,-0.04781924,0.089837903,0.198717426,-0.053821242,-0.000231614,1.721358952,0,0.021687183,1.67645694,3.377454351,-0.091758351,-55.61323316,-27.52897451,-5.276140017,0.508653251,-0.216687527,63.15394037,127.7621345,11.10032443,0,2.284926782,196701.8294,0.468883895,196674.959,0.5,1.721358952,-0.38259059,0.379039049,0
0.009417377,0.867482712,0.435889415,0.412099947,0.002369734,10.84378816,0.814475797,1,1,0.463810509,8.001599186,0.286703727,0.927621017,0,-0.44758566,-0.142325153,1.391431526,-0.450487129,1.095349982,0.392889666,2.876727562,-0.076671471,-2.141003565,4.677464561,36.84084667,-0.425073742,-0.005623027,-0.040528284,0.192282176,0.027684318,-0.032563143,1,0.219794647,0,0.734839469,8.001599186,-1.012521973,-44.96811144,-1.944020728,-5.077462917,0.291721769,-0.148448367,74.91989822,135.5935703,4.471361075,0,3.183315633,3.283116763,0.121288336,3.337292183,0.453618949,1.927621017,-0.365748923,0.396545129,0
0.048277398,0.920372393,0.372861184,1.197044539,0.046413354,14.11636653,0.76111718,1,0.522234361,0.477765639,4.194025113,0.381781781,0.477765639,0,0.144278431,0.141215817,1.433296918,0.062739976,0.979183637,8.330738285,1.545637777,0.00396372,0.060382213,4.356293643,96.28853894,-1.078290505,0.039489691,0.258811414,0.211682373,0.054898498,0.036219003,1.477765639,0,0,0.586099766,6.012188796,1.1374169,-43.55324947,-1.535717526,-15.64748401,0.17797869,-0.278903775,127.4948,54.56055405,3.930493096,0,14.5584036,3.334699801,0.139779004,2.983573993,0.420372393,2.911062558,-0.335767085,0.854173017,0
-0.025376663,0.786204026,0.680250478,-0.402385594,-0.206525496,-15.42272444,1,2.710367788,2.710367788,0.427591947,23.6985479,0.697702695,0,0,0.202246839,0.129383861,0,0.06084684,1.121568835,-5.022395171,0.662748531,0.002571893,-0.002720412,0,-147.7360527,0,0.047583055,0.098069257,0.170281058,0.058934558,0.005945047,2.710367788,0,0.018886909,1.579251011,6.560108373,0.01162687,-70.83290563,-1.908521302,-15.48348776,0.14609075,-0.250199723,76.48868489,139.3486952,10.06673692,0.427591947,3.650388736,5.68903861,-0.071364844,4.395288403,0.428734675,3.137959736,-0.39435861,0.61793002,0
-0.025421067,0.876821082,0.586909504,-0.395231662,-0.219356288,-12.22526799,1,2.237286284,2.237286284,0.246357836,19.08929996,0.604277928,0,0,0.300593165,0.289149925,0,0.123456726,1.112235499,-5.327722838,1.141469823,0.012596785,0.208905785,0,-129.2170795,0,0.086913686,0.099976437,0.18971909,0.109808064,0.004857575,2.237286284,0,0.010881725,1.363394587,7.188604823,0.00053668,-64.19573458,-4.283301533,-12.24884302,0.198182043,-0.241656866,72.2862008,138.8770233,8.873776571,0.246357836,3.442601376,62967.94973,-0.006581524,62967.4023,0.458940361,2.48364412,-0.394512549,0.516013839,0
0.015296092,0.886214046,0.131042382,0.591369495,-0.012619285,19.06777208,0.772428093,2.365431443,2.365431443,1.365431443,19.78329451,0.387734569,1.365431443,0,0.210490968,0.190295557,1.365431443,0.150891099,1.077461924,1.101962701,2.937255397,0.022513995,0.584101414,4.695061306,68.36201433,-0.84821107,0.055039783,-0.008643148,0.172098475,0.055330216,-0.03507981,2.365431443,0.408554788,0.022191297,1.044510091,8.124160222,-1.04790191,-84.2050372,-22.79076082,-17.77610678,0.29989931,-0.233042685,89.57522784,143.97898,5.966058067,0,4.222946467,210068.5435,-0.374230901,210068.8797,0.5,3.730862887,-0.387317046,0.7204453,0
0.005507376,0.924554097,0.356163875,0.474675712,-0.085589759,4.206305466,0.886831145,1,1,0.226337709,7.964708431,0.331272049,0.226337709,0,0.25733126,0.251868861,0.679013128,0.111901391,0.954688673,1.240419931,1.505174036,0.007069588,0.107696145,2.037039384,2.576474658,-0.188614758,0.070432786,-0.043448703,0.131562327,0.097915535,-0.048407719,1,0.115998076,0,0.771905588,7.964708431,-1.430056132,-38.50410679,-1.119611789,-5.329603387,0.175416436,-0.205306317,67.66126264,97.3127865,5.4358134,0,3.053602995,2.785804976,0.209860864,3.492360446,0.5,1.226337709,-0.380659206,0.330858419,0
0.01438411,0.88947982,0.185398199,0.556471241,-0.04446349,7.556734025,0.778959639,1.331560541,1.331560541,0.663121083,10.53114076,0.335484063,0.663121083,0,0.764551916,0.499384966,0.994681624,0.355205638,1.062450001,0.279009043,1.884408374,0.066764456,1.647533175,3.126247504,3.643769477,-0.43517321,0.183838273,-0.147352127,0.189365413,0.196208702,-0.069488483,1.331560541,0.273537447,0,0.826315937,7.977111493,-1.986511755,-49.13953543,-9.075048076,-9.441739564,0.258807972,-0.231260764,82.86719705,143.5744875,5.383700053,0,3.794843501,94734.04615,-0.086078591,94734.4479,0.5,1.994681624,-0.374143743,0.44555287,0
-0.022141314,1,0.487880871,-0.22161974,-0.238063556,-8.049885317,1,1.823533431,1.823533431,0,15.24887968,0.662901586,0,0,0.216081509,0.315957408,0,0.173823193,1.076039843,-5.856009635,1.594240165,0.016203045,0.356228058,0,-192.6344945,0,-0.031638481,0.103427332,0.191994965,-0.004086226,-0.000552721,1.823533431,0,0.054365071,1.563424423,5.505106638,-0.187682346,-51.46173958,-15.15052859,-6.818598873,0.402962266,-0.185829964,64.59339746,145.6998773,11.34832976,0,2.344555097,123532.7076,0.187695524,123533.1436,0.5,2.235300146,-0.395170968,0.495266944,0
-4.56E-05,0.8,0.5135,0.156472161,-0.10346007,0.855442177,0.5,1.5,1.5,1,11.58432871,0.2850822,1,0,0.244495581,0.239305646,3,0.106319752,0.93240718,2.631462193,2,0.006716957,0.102324263,4.549768519,17.83166638,-0.912037037,0.226246307,0.32083312,0.291666667,0.41111307,0.055811062,1.5,0,0,0.697123873,7.888726852,1.272959184,-52.77499788,-11.35121946,-17.20698696,0.266666667,-0.403645278,110.4308222,92.458826,4.771189935,0,12.70833334,3.61074811,0.140625,3.257166288,0.416666667,2.5,-0.359496683,0.545460258,0
0.027630355,0.857142857,0.538,0.927574769,0.035757587,18.319161,0.75,1.5,1.5,1,12.09215278,0.34231579,1,0,-0.399144869,-0.5270213,1.5,-0.489575545,1.057301824,2.212297553,3,-0.117414309,-3.166950114,4.820208334,42.35834658,-0.538240741,0.129057685,-0.012722493,0.257136721,0.126897149,-0.041587417,1.5,0.340451389,0,0.880555027,8.142638889,-1.307009637,-47.63932275,-15.19229716,-9.370748298,0.380952381,-0.18485572,85.67254429,185.0509644,5.597866165,0,3.491388889,3.759678925,-0.007523148,3.764128545,0.45,2.5,-0.36349839,0.545460258,0
0.025486099,0.75,0.425,0.823438896,0.055692587,7.865387306,0.5,1,1,0.5,7.995208334,0.301920942,1,0,0.244495581,0.239305646,2.5,0.106319752,0.975545914,2.527466293,2.5,0.006716957,0.102324263,4.625,22.27670288,-0.490740741,0.312744452,0.040338916,0.329124145,0.414301961,-0.029060874,1,0,0,0.75475143,7.995208334,-0.461308649,-33.5986316,-1.3940901,-8.414077153,0.291666667,-0.256101037,80.98949999,92.458826,5.10150705,0,4.379166667,3.657232784,0.140625,3.193004699,0.416666667,1.5,-0.361331377,0.372326072,0
-0.033453548,1,0.403666667,-0.740094826,-0.230559557,-10.70491041,1,1.333333333,1.333333333,0,10.16666667,0.560221467,0,0,-0.059405273,-0.008065161,0,-0.03056349,1.403067951,-11.27344898,2.666666667,-0.000325667,-0.004307942,0,-240.7546193,0,0.211437604,0.158400303,0.404044011,0.247773148,0.017259182,1.333333333,0,0.000492978,1.535386087,5.083333333,0.401678335,-53.69224379,-30.51661866,-7.26660496,0.472222222,-0.282022038,69.75184243,54.0969773,10.93999283,0,3.641666666,78475.04674,0.3671875,78437.47291,0.388888889,1.333333333,-0.377251907,0.305928776,0
0.025423536,0.809523809,0.395,0.675181298,0.126247964,16.57889747,0.733333333,0.666666667,0.666666667,0.666666667,5.340092593,0.351342124,1.333333333,0,-0.898734736,-0.404462581,2,-0.76330382,1.213144617,3.036699249,4.666666667,-0.115915041,-3.163740813,6.72324074,3.356939333,-0.610987654,-0.013473928,-0.0903728,0.246892972,-0.012737018,-0.040322567,0.666666667,0.315925926,0.000492978,1.216127869,5.340092593,-1.219204088,-35.26943154,-22.62704481,-4.470875794,0.535714286,-0.142758946,78.37084723,174.881351,8.262505292,0,3.346902937,78475.37959,0.419656636,78438.46221,0.433333333,2,-0.335457753,0.421351567,0
0.053388654,0.777777778,0.395,1.585910464,0.237720091,15.49990441,0.666666667,0.666666667,0.666666667,0.666666667,4.944444445,0.295977876,0.666666667,0,-0.059405273,-0.008065161,2,-0.03056349,1.119033369,9.606523467,2.666666667,-0.000325667,-0.004307942,6,9.369522267,-0.555555555,0.048250153,-0.257914135,0.070710678,0.022043035,-0.130713333,0.666666667,0.341666667,0.000492978,1.037770195,4.944444445,-3.607025368,-34.39369167,-21.26629087,-6.616419775,0.25,-0.250990474,83.02517556,54.0969773,7.457681117,0,4.486111111,78474.32314,0.450520833,78438.31148,0.5,1.333333333,-0.335498422,0.305928776,0
-0.023056653,1,0.579,-0.311692548,-0.217722139,-13.26678281,1,2.25,2.25,0,19.09125,0.954667695,0,0,0.005803052,0.233509592,0,0.144432783,1.267590088,-7.895245595,2.5,0.019839163,0.501969043,0,-374.0058265,0,-0.11537976,0.129323178,0.227263865,-0.121506267,0.005098806,2.25,0,0.099391344,2.500566428,1.34375,-0.050541248,-56.4925635,-41.85126872,-8.26065372,0.6875,-0.194248748,67.33362256,176.1614682,18.54160197,0,2.28125,283856.3661,0.389973958,283829.0564,0.5,3,-0.382303463,0.614801504,0
-0.017780019,1,0.2115,-0.40640192,-0.190469116,-6.754261318,1,1.5,0.75,0,5.8125,0.524461603,0,0,-0.044553955,-0.006048871,0,-0.022922617,1.451383694,-9.764808953,2.5,-0.00024425,-0.003230957,0,-217.0181764,0,0.125662688,0.165757609,0.428033009,0.296236061,0.009931806,2.25,0,0.000369734,1.498473709,3.583333334,0.257340019,-61.17281109,-16.69878967,-6.225428927,0.4375,-0.302463451,62.97253724,40.57273298,9.85625154,0,2.802083333,58857.97909,0.410807292,58828.55964,0.375,1.5,-0.381579974,0.355100225,0
0.08221668,0.25,0.21725,-0.270502646,0.309194537,-5.680555555,0.25,1.5,0.75,0,6.004050925,0.172066977,0,0,0.180082236,0.244640499,0,0.094900235,0.362407645,15.88898163,0.75,0.016974367,0.340277778,0,-40.8815209,0,0.067391568,0.056356686,0.087115428,0.080064581,0.00642605,2.25,0,0,0.382322759,1.98119213,0.150977366,-98.94930847,-5.614492163,-4.131944445,0.1,-0.078679915,86.08619079,46.229413,2.329071741,0,1.358024691,125000.2141,-0.091145833,125000.1721,0.125,0.75,-0.406750964,0.12985064,0
0.019442761,0.584415585,0.4695,0.51009799,0.124819175,12.7806649,0.8,1,1,0.5,8.859953704,0.303349438,1,0,-0.505704384,-0.214101681,1.5,-0.494970171,1.205610441,3.047215784,2.5,-0.084673081,-2.322612904,5.042430555,78.44597618,-0.458240741,-0.036707447,-0.066698105,0.230788477,-0.027758039,-0.030758597,1,0.236944445,0.004878401,0.949028934,8.859953704,-0.939372844,-31.80174739,-3.553783931,-5.06187696,0.25974026,-0.123832189,74.51697034,178.3509946,5.420881466,0.5,3.090192635,8.553711867,0.485208334,8.337966768,0.45,2,-0.361945709,0.346268372,0
0.0088155,0.527272728,0.558,0.170922643,0.037645814,1.408920107,0.5,1.5,1.5,1,12.24608796,0.263629499,1,0,0.123792714,0.083196384,3,0.054585077,1.17248954,2.805430572,1,0.002018951,0.04696175,4.549768519,25.77888413,-0.912037037,0.168912322,0.272507129,0.265318423,0.316408561,0.054569954,1.5,0,0.004878401,0.820099662,8.550486112,1.339205641,-49.19005364,-12.81506069,-17.19881273,0.145454546,-0.396023801,109.8767087,87.7627143,4.822155429,0.5,12.5904321,8.368814962,0.508356482,7.814215681,0.416666667,2.5,-0.358352737,0.432835465,0
0.0404166,0.560606061,0.4695,1.193144865,0.208423271,11.97142011,0.75,1,1,0.5,8.563217593,0.261826252,0.5,0,0.123792714,0.083196384,1.5,0.054585077,1.135027005,7.974583947,1,0.002018951,0.04696175,4.5,82.95541338,-0.416666667,0.009585615,-0.192354107,0.098651756,-0.001673,-0.098551671,1,0.25625,0.004878401,0.815260678,8.563217593,-2.730238804,-31.14494248,-2.533218473,-6.671034946,0.045454546,-0.205005836,78.00771659,87.7627143,4.817263334,0.5,3.944598766,7.761376887,0.508356482,8.224914147,0.5,1.5,-0.361976211,0.259701279,0
-0.012179749,0.925925926,0.078,-0.0176436,-0.187365841,-0.661493764,0.833333333,2,2,0.666666667,16.43280864,0.4721021,0.666666667,0,0.224165823,0.179221965,1,-0.02407894,0.940732899,-0.849291655,2.666666667,-0.030533537,-0.955581538,3.257283951,-20.90512755,-0.589537037,0.148487637,0.117072613,0.248124398,0.17586499,0.004628835,2,0.347337963,0,1.123168419,8.233487654,-0.117554571,-62.32759476,-13.35633322,-15.5080428,0.333333333,-0.251903639,81.85008331,184.9769019,7.594656792,0,4.8192951,3.836119039,0.1875,4.114887483,0.466666667,2.666666667,-0.389715256,0.611857552,0
0.092056325,0.666666667,0.8166,2.690277778,0.667659281,23.275,0,1.8,0,3.6,0,0.121595588,1,0,0,0,4,0,1.189377382,12.0282022,0,0,0,8.925,108.1050174,-0.75,0,-0.708330218,0,0,-0.144156375,3.6,0,0,0.391429573,4.65,-4.15625,-65.1798324,-13.22524821,-15.4625,0,-0.567135933,113.7299549,0,1.75264313,0,4.95,675000,0,675000,0.5,2.8,-0.271303306,0.561270021,0
-0.024715052,0.727272728,0.476,-0.551359103,-0.142786466,-7.682191005,1,1.5,1.5,0,12.47988426,0.460008945,0,0,0.123792714,0.083196384,0,0.054585077,1.348052942,-7.685395388,1,0.002018951,0.04696175,0,-104.6376928,0,0.131976203,0.119881722,0.348651756,0.167624585,0.012427716,1.5,0,0.004878401,1.188472597,8.66738426,0.276288974,-45.61885658,-9.470964321,-7.158673835,0.212121212,-0.228279509,68.05271674,87.7627143,7.428997122,0.5,3.311265432,8.304077622,0.445856482,7.595986262,0.416666667,1.5,-0.393291325,0.259701279,0
0.053872877,0.5,0.131,-0.013666728,0.110944161,-0.505668934,0.5,1,0.5,0,4.193125,0.227178314,0,0,0.244495581,0.239305646,0,0.106319752,0.374236418,12.37396894,1,0.006716957,0.102324263,0,8.376688876,0,0.0669196,0.046393535,0.125,0.09303151,0.000653437,1.5,0,0,0.511507806,4.193125,-0.09162415,-61.5666356,-0.659762974,-2.036848073,0.166666667,-0.087463486,71.27882034,92.458826,3.944001341,0,1.0625,1.732005438,0.140625,2.088381337,0.25,0.5,-0.402742976,0.199191886,0
-0.022351608,1,0.277333333,-0.452859639,-0.226780789,-7.341421326,1,1.833333333,1,0,7.856041667,0.474147033,0,0,0.081498527,0.079768549,0,0.035439917,1.383430911,-10.10151233,2,0.002238986,0.034108088,0,-162.4014461,0,0.121723281,0.202988467,0.458333333,0.341792486,0.011332041,2.666666667,0,0,1.171528319,5.379189815,0.25584521,-68.8542186,-1.507349646,-7.240588476,0.333333333,-0.295137186,66.07814052,30.81960867,6.964986228,0,3.0625,4.475158583,0.127893518,2.257811527,0.361111111,1.833333333,-0.394451464,0.398383771,0
0.067016632,0.333333333,0.203333333,-0.368095238,0.23677566,-5.153333333,0.333333333,1.333333333,0.666666667,0,5.083333333,0.169522222,0,0,0,0,0,0,0.48915611,11.48112053,0.666666667,0,0,0,-55.67105727,0,0.081593726,0.081209453,0.166666667,0.112865056,0.008676924,2,0,0,0.369326001,2.541666667,0.201111111,-91.63814615,-4.898240077,-3.42,0.111111111,-0.098958333,84.21871627,0,2.289353525,0,1.577777778,1.209336888,-0.041666667,0.633703688,0.111111111,0.666666667,-0.405461777,0.115422791,0
0.068458375,0.333333333,0.459333333,-0.356038742,0.251939584,-12.46135598,0.333333333,2.333333333,1.666666667,0,14.1912037,0.369083328,0,0,0.014854766,-0.00365193,0,-0.004437248,0.481045352,13.7018079,1.666666667,-0.000822405,-0.020029844,0,-86.4235943,0,-0.009663578,0.065809671,0.085639944,-0.012041061,0.008397382,3,0,0.014678739,0.839766907,2.748950617,0.191311511,-114.5073193,-11.87939609,-9.66536578,0.148148148,-0.109233574,87.83871621,60.79305653,5.008189283,0,1.91503268,100000.7023,-0.213549383,100000.6274,0.166666667,1.666666667,-0.405330251,0.288556976,0
0.109049682,0.222222222,-0.005666667,0.617724868,0.442680848,8.648148147,0.111111111,1.333333333,0.666666667,0.666666667,5.13537037,0.073409152,0.666666667,0,0.549942458,0.288000024,1,0.262003544,0.438038959,19.04708218,1,0.061113223,1.564814815,3.142962963,50.25240583,-0.4375,0.124962714,-0.184115903,0.07856742,0.114042601,-0.066129595,2,0.275,0,0.235371094,2.567685185,-1.815972222,-91.22702876,-8.315577267,-6.685185187,0.111111111,-0.102849003,101.5978657,61.63921733,1.05562347,0,2.340277778,95238.67013,-0.268518519,95238.58087,0.166666667,1.333333333,-0.384706795,0.230845581,0
0.021984036,0.666666667,0.0934,1.687808642,0.370480661,6.752777778,0,0.2,0,0.4,0,0.013510621,1,0,0,0,4,0,0.132153042,1.556914911,0,0,0,8.325,12.6730126,-0.083333333,0,-0.078703358,0,0,-0.016017375,0.4,0,0,0.043492175,7.85,-0.461805556,-9.2262356,-1.469472023,-14.21805556,0,-0.951903993,226.8811177,0,0.194738126,0,0.55,75000,0,75000,0.5,1.2,-0.195138987,0.062363336,0
-0.022220434,0.857142857,0.500714286,-0.232030688,-0.248122016,-9.647669409,1,2.142857143,2.142857143,0.285714286,18.83944445,0.624551206,0,0,0.398794788,0.352795317,0,0.168036448,0.884754463,-0.895474065,1.428571429,0.012752771,0.189988714,0,-36.81679961,0,0.106899871,0.127943184,0.237751641,0.146244866,0.008218488,2.142857143,0,0.012620099,1.432212381,7.291633598,0.018543334,-48.49978056,-4.124628637,-11.83364209,0.261904762,-0.21861872,69.13144476,184.1575253,10.03960144,0.285714286,3.302437642,4.703210913,-0.037784391,6.83068377,0.5,2.428571429,-0.393393453,0.581361298,0
0.024574641,0.777777778,0.324333333,0.310479357,0.384036274,2.539201963,0.333333333,1.666666667,0.333333333,1.333333333,2.795416667,0.256808301,0.666666667,0,0.162997054,0.159537097,2.666666667,0.070879834,0.90426377,20.85400778,0.666666667,0.004477971,0.068216175,0,185.6134063,0.395061729,0.044613066,-0.409794234,0.083333333,0.062021006,-0.038062657,3,0,0,0.680893338,6.051246571,-0.512385922,-57.18359982,-10.05148289,-6.801200041,0.111111111,-0.557104373,149.5662055,61.63921733,4.145926106,0,2.473765432,500001.1547,0.09375,500001.3923,0.5,1.666666667,-0.34238352,0.375193708,0
-0.023632711,0.857142857,0.694714286,-0.225372665,-0.256487498,-17.80783197,1,3,3,0.285714286,27.8434943,0.925188603,0,0.628345733,0.355491087,0.340511345,0,0.154367637,0.892797453,-1.89151389,1.428571429,0.010071305,0.154294824,0,-149.6990305,0,0.110619204,0.116750566,0.232483872,0.144818673,0.007664366,3,0,0.085118541,2.082896768,7.38468029,-0.024392944,-56.16052611,-4.25925608,-16.37779786,0.285714286,-0.206956397,69.40889276,180.1751196,14.13808694,0.571428571,2.981827916,4.276990484,0.007278642,5.853953796,0.5,3.857142857,-0.394340909,0.828695849,0
0.002759858,0.875,0.356,0.915494367,-0.040448256,8.61614331,0.75,0.5,0.5,0.5,3.881558642,0.384289222,0.5,0,-0.08910791,-0.012097742,1.5,-0.045845235,1.258009371,-20.24295762,3,-0.0004885,-0.006461914,4.704475309,-332.4731448,-0.336334019,0.07237523,-0.012152221,0.310190162,0.033064553,-0.039324414,0.5,0.25316358,0.000739467,1.345706144,0.313571674,-2.468859716,-26.94652703,-31.8481548,-4.069105841,0.5,-0.218930419,152.7351343,81.14546595,10.2155669,0,3.978780864,117711.1327,0.868682485,117655.4119,0.416666667,1.5,-0.336608446,0.351589435,0
0.086285371,0.277777778,0.01,0,0.348521551,0,0.222222222,1.666666667,0.666666667,0.333333333,5.298780863,0.169387378,0.333333333,0,0.32040543,0.327080223,1,0.170192172,0.445042112,16.03655619,1,0.030718537,0,3.215108025,4.444343113,-0.392746914,0.059635107,0.059612074,0.099001208,0.133771444,0.00195812,2.666666667,0.249537037,0,0.439974397,1.588734568,0,-99.27502099,-0.490675673,0,0.111111111,0,90.7620492,61.63921733,2.376746056,0,0,3.81499663,-0.168209877,1.874022441,0.166666667,1.333333333,-0.40520898,0.248217381,0
0.097462454,0.266666667,0.176666667,0.352884183,0.428193192,6.704799473,0.222222222,1.333333333,0.333333333,0.333333333,2.62191358,0.09367763,0.333333333,0,0,0,1,0,0.401664577,18.96327075,1,0,0,3.191358025,60.6620363,-0.320987654,0.064631512,0.089037231,0.111111111,0.161961974,0.000725731,2.333333333,0.2125,0,0.284671505,1.611882716,0.042649287,-91.00241256,-0.430318376,-4.242822703,0.066666667,-0.088625211,86.77020462,0,1.372791409,0,1.8647343,1.375530107,0,0.817449026,0.111111111,1,-0.384143972,0.190505986,0
